{
    "project_info": {
      "project_number": "244724134862",
      "project_id": "lexulous-word-game-stagi-ff6e0",
      "storage_bucket": "lexulous-word-game-stagi-ff6e0.appspot.com"
    },
    "client": [
      {
        "client_info": {
          "mobilesdk_app_id": "1:244724134862:android:1d8870d75e983b0afb719f",
          "android_client_info": {
            "package_name": "com.lexulous.Lexulous"
          }
        },
        "oauth_client": [
          {
            "client_id": "244724134862-r5b2i19kibel6i6n6de5ckec8q2gtuam.apps.googleusercontent.com",
            "client_type": 1,
            "android_info": {
              "package_name": "com.lexulous.Lexulous",
              "certificate_hash": "8db1834db0fd6b75d59319e75b3537dd6a5ead34"
            }
          },
          {
            "client_id": "244724134862-h4t963ccs1j5hve59rkj0vbpdq9df8bh.apps.googleusercontent.com",
            "client_type": 3
          }
        ],
        "api_key": [
          {
            "current_key": "AIzaSyANUOWWO-NuoIZqOxYZzSI-UBl225Be1IY"
          }
        ],
        "services": {
          "appinvite_service": {
            "other_platform_oauth_client": [
              {
                "client_id": "244724134862-h4t963ccs1j5hve59rkj0vbpdq9df8bh.apps.googleusercontent.com",
                "client_type": 3
              },
              {
                "client_id": "244724134862-5lgdlfdakfdojarh7ae39a7t99s2r3uc.apps.googleusercontent.com",
                "client_type": 2,
                "ios_info": {
                  "bundle_id": "com.lexulous.LexulousLite"
                }
              }
            ]
          }
        }
      }
    ],
    "configuration_version": "1"
  }