{
  "images" : [
    {
      "filename" : "Default@2x_splash.png",
      "idiom" : "iphone",
      "scale" : "1x"
    },
    {
      "filename" : "iphonexl_splash.png",
      "idiom" : "iphone",
      "scale" : "2x"
    },
    {
      "filename" : "iPhoneXSMax_splash.png",
      "idiom" : "iphone",
      "scale" : "3x"
    },
    {
      "filename" : "768x1024-splash.png",
      "idiom" : "ipad",
      "scale" : "1x"
    },
    {
      "filename" : "1536x2048_splash.png",
      "idiom" : "ipad",
      "scale" : "2x"
    }
  ],
  "info" : {
    "author" : "xcode",
    "version" : 1
  }
}
